year,week_num,day_of_week,kickoff_time,temperature,wind_speed,first_down_off,rush_attempts,rush_yds_off,fumbles_lost,completed_passes,pass_attempts,pass_yds_off,interceptions_thrown,sack_yds_off,penalty_yds_against,plays_run_off,avg_ko_return,avg_punt_return,avg_punt_dist,first_down_def,rushes_defended,rush_yds_def,fumbles_forced,completions_allowed,passes_defended,pass_yds_def,interceptions_caught,sack_yds_def,penalty_yds_for,plays_defended,avg_ko_return_against,avg_punt_return_against,avg_punt_dist_against,result
2022,2,Sun,1:00PM ET,70,0,18.0,23.0,108.0,0.0,20.0,32.0,253.5,2.0,28.0,18.0,59.0,0.0,5.666666666666667,51.83333333333333,15.0,24.5,73.5,0.0,23.5,38.0,238.5,0.5,12.5,47.0,64.5,17.125,1.5,49.9,W
2022,3,Sun,4:25PM ET,89,7,15.5,27.0,89.0,0.75,19.25,31.5,191.25,1.5,21.0,60.75,61.5,12.6875,4.458333333333334,47.33333333333333,19.0,21.75,98.25,1.0,24.5,38.25,262.0,1.5,15.5,54.25,63.25,12.9375,6.8125,35.68333333333334,L
2022,4,Sun,8:20PM ET,75,2,18.5,27.5,81.5,0.8333333333333333,22.5,34.333333333333336,234.99999999999997,0.3333333333333333,10.333333333333334,45.0,63.5,8.8,6.0,47.67142857142857,17.499999999999996,23.5,91.83333333333331,0.8333333333333333,24.666666666666664,39.0,242.99999999999997,1.5,24.666666666666664,58.5,66.33333333333333,16.59722222222222,5.105555555555556,47.38531746031747,L
2022,5,Sun,1:00PM ET,82,8,18.5,21.75,75.5,1.0,24.5,39.125,259.375,0.625,12.625,50.75,62.625,12.6875,9.9375,46.320833333333326,19.75,27.125,98.125,0.625,24.625,38.875,257.5,1.25,21.75,49.5,69.75,10.260416666666664,10.025,46.597321428571426,W
2022,6,Sun,1:00PM ET,58,12,22.5,27.5,118.1,1.0,24.2,35.8,275.5,0.4,9.8,51.400000000000006,64.8,13.51666666666667,7.566666666666667,47.8,18.8,24.1,118.8,0.7,22.8,33.7,239.0,0.8999999999999999,19.3,67.6,60.599999999999994,19.308333333333334,5.45,43.20619047619047,L
2022,7,Sun,1:00PM ET,66,6,20.166666666666664,23.5,86.08333333333334,0.6666666666666667,25.416666666666668,37.66666666666666,273.16666666666663,0.1666666666666666,12.583333333333334,47.0,62.916666666666664,22.90277777777778,8.98611111111111,43.01527777777778,18.916666666666664,23.833333333333336,95.16666666666669,0.41666666666666663,22.75,35.833333333333336,259.0,1.0833333333333335,19.833333333333336,55.08333333333333,62.66666666666667,19.868055555555557,5.652777777777778,46.12876984126984,L
